[
  {
    "time": "1994-09",
    "percent": 14.0
  },
  {
    "time": "1994-10",
    "percent": 15.5
  },
  {
    "time": "1994-11",
    "percent": 15.5
  },
  {
    "time": "1994-12",
    "percent": 17.0
  },
  {
    "time": "1995-01",
    "percent": 17.0
  },
  {
    "time": "1995-02",
    "percent": 17.0
  },
  {
    "time": "1995-03",
    "percent": 16.3
  },
  {
    "time": "1995-04",
    "percent": 14.8
  },
  {
    "time": "1995-05",
    "percent": 14.0
  },
  {
    "time": "1995-06",
    "percent": 13.5
  },
  {
    "time": "1995-07",
    "percent": 13.5
  },
  {
    "time": "1995-08",
    "percent": 13.2
  },
  {
    "time": "1995-09",
    "percent": 13.2
  },
  {
    "time": "1995-10",
    "percent": 13.7
  },
  {
    "time": "1995-11",
    "percent": 14.2
  },
  {
    "time": "1995-12",
    "percent": 14.2
  },
  {
    "time": "1996-01",
    "percent": 13.7
  },
  {
    "time": "1996-02",
    "percent": 14.0
  },
  {
    "time": "1996-03",
    "percent": 14.0
  },
  {
    "time": "1996-04",
    "percent": 14.0
  },
  {
    "time": "1996-05",
    "percent": 14.8
  },
  {
    "time": "1996-06",
    "percent": 15.5
  },
  {
    "time": "1996-07",
    "percent": 17.0
  },
  {
    "time": "1996-08",
    "percent": 16.3
  },
  {
    "time": "1996-09",
    "percent": 15.8
  },
  {
    "time": "1996-10",
    "percent": 15.5
  },
  {
    "time": "1996-11",
    "percent": 15.2
  },
  {
    "time": "1996-12",
    "percent": 15.2
  },
  {
    "time": "1997-01",
    "percent": 14.7
  },
  {
    "time": "1997-02",
    "percent": 14.2
  },
  {
    "time": "1997-03",
    "percent": 13.9
  },
  {
    "time": "1997-04",
    "percent": 13.9
  },
  {
    "time": "1997-05",
    "percent": 13.9
  },
  {
    "time": "1997-06",
    "percent": 13.9
  },
  {
    "time": "1997-07",
    "percent": 12.7
  },
  {
    "time": "1997-08",
    "percent": 12.7
  },
  {
    "time": "1997-09",
    "percent": 13.4
  },
  {
    "time": "1997-10",
    "percent": 13.4
  },
  {
    "time": "1997-11",
    "percent": 13.4
  },
  {
    "time": "1997-12",
    "percent": 13.4
  },
  {
    "time": "1998-01",
    "percent": 13.4
  },
  {
    "time": "1998-02",
    "percent": 12.9
  },
  {
    "time": "1998-03",
    "percent": 12.6
  },
  {
    "time": "1998-04",
    "percent": 12.2
  },
  {
    "time": "1998-05",
    "percent": 11.9
  },
  {
    "time": "1998-06",
    "percent": 11.6
  },
  {
    "time": "1998-07",
    "percent": 11.3
  },
  {
    "time": "1998-08",
    "percent": 9.5
  },
  {
    "time": "1998-09",
    "percent": 9.5
  },
  {
    "time": "1998-10",
    "percent": 9.5
  },
  {
    "time": "1998-11",
    "percent": 13.5
  },
  {
    "time": "1998-12",
    "percent": 13.5
  },
  {
    "time": "1999-01",
    "percent": 13.5
  },
  {
    "time": "1999-02",
    "percent": 13.5
  },
  {
    "time": "1999-03",
    "percent": 13.0
  },
  {
    "time": "1999-04",
    "percent": 12.5
  },
  {
    "time": "1999-05",
    "percent": 12.0
  },
  {
    "time": "1999-06",
    "percent": 12.0
  },
  {
    "time": "1999-07",
    "percent": 12.0
  },
  {
    "time": "1999-08",
    "percent": 11.5
  },
  {
    "time": "1999-09",
    "percent": 11.5
  },
  {
    "time": "1999-10",
    "percent": 11.5
  },
  {
    "time": "1999-11",
    "percent": 11.5
  },
  {
    "time": "1999-12",
    "percent": 11.2
  },
  {
    "time": "2000-01",
    "percent": 10.7
  },
  {
    "time": "2000-02",
    "percent": 10.3
  },
  {
    "time": "2000-03",
    "percent": 9.9
  },
  {
    "time": "2000-04",
    "percent": 9.6
  },
  {
    "time": "2000-05",
    "percent": 9.3
  },
  {
    "time": "2000-06",
    "percent": 9.3
  },
  {
    "time": "2000-07",
    "percent": 9.3
  },
  {
    "time": "2000-08",
    "percent": 9.1
  },
  {
    "time": "2000-09",
    "percent": 8.9
  },
  {
    "time": "2000-10",
    "percent": 8.6
  },
  {
    "time": "2000-11",
    "percent": 8.4
  },
  {
    "time": "2000-12",
    "percent": 8.2
  },
  {
    "time": "2001-01",
    "percent": 8.0
  },
  {
    "time": "2001-02",
    "percent": 7.7
  },
  {
    "time": "2001-03",
    "percent": 7.5
  },
  {
    "time": "2001-04",
    "percent": 7.2
  },
  {
    "time": "2001-05",
    "percent": 7.2
  },
  {
    "time": "2001-06",
    "percent": 7.0
  },
  {
    "time": "2001-07",
    "percent": 6.5
  },
  {
    "time": "2001-08",
    "percent": 6.3
  },
  {
    "time": "2001-09",
    "percent": 6.3
  },
  {
    "time": "2001-10",
    "percent": 6.3
  },
  {
    "time": "2001-11",
    "percent": 6.1
  },
  {
    "time": "2001-12",
    "percent": 5.8
  },
  {
    "time": "2002-01",
    "percent": 3.8
  },
  {
    "time": "2002-02",
    "percent": 3.8
  },
  {
    "time": "2002-03",
    "percent": 4.4
  },
  {
    "time": "2002-04",
    "percent": 4.4
  },
  {
    "time": "2002-05",
    "percent": 4.6
  },
  {
    "time": "2002-06",
    "percent": 7.1
  },
  {
    "time": "2002-07",
    "percent": 9.1
  },
  {
    "time": "2002-08",
    "percent": 9.1
  },
  {
    "time": "2002-09",
    "percent": 9.1
  },
  {
    "time": "2002-10",
    "percent": 9.1
  },
  {
    "time": "2002-11",
    "percent": 9.1
  },
  {
    "time": "2002-12",
    "percent": 9.1
  },
  {
    "time": "2003-01",
    "percent": 8.9
  },
  {
    "time": "2003-02",
    "percent": 8.9
  },
  {
    "time": "2003-03",
    "percent": 8.9
  },
  {
    "time": "2003-04",
    "percent": 8.7
  },
  {
    "time": "2003-05",
    "percent": 8.4
  },
  {
    "time": "2003-06",
    "percent": 8.0
  },
  {
    "time": "2003-07",
    "percent": 7.5
  },
  {
    "time": "2003-08",
    "percent": 7.0
  },
  {
    "time": "2003-09",
    "percent": 6.5
  },
  {
    "time": "2003-10",
    "percent": 6.1
  },
  {
    "time": "2003-11",
    "percent": 5.6
  },
  {
    "time": "2003-12",
    "percent": 5.2
  },
  {
    "time": "2004-01",
    "percent": 4.8
  },
  {
    "time": "2004-02",
    "percent": 4.5
  },
  {
    "time": "2004-03",
    "percent": 4.3
  },
  {
    "time": "2004-04",
    "percent": 4.1
  },
  {
    "time": "2004-05",
    "percent": 4.1
  },
  {
    "time": "2004-06",
    "percent": 4.1
  },
  {
    "time": "2004-07",
    "percent": 4.1
  },
  {
    "time": "2004-08",
    "percent": 4.1
  },
  {
    "time": "2004-09",
    "percent": 4.1
  },
  {
    "time": "2004-10",
    "percent": 4.1
  },
  {
    "time": "2004-11",
    "percent": 4.1
  },
  {
    "time": "2004-12",
    "percent": 3.9
  },
  {
    "time": "2005-01",
    "percent": 3.7
  },
  {
    "time": "2005-02",
    "percent": 3.5
  },
  {
    "time": "2005-03",
    "percent": 3.5
  },
  {
    "time": "2005-04",
    "percent": 3.5
  },
  {
    "time": "2005-05",
    "percent": 3.5
  },
  {
    "time": "2005-06",
    "percent": 3.5
  },
  {
    "time": "2005-07",
    "percent": 3.5
  },
  {
    "time": "2005-08",
    "percent": 3.5
  },
  {
    "time": "2005-09",
    "percent": 3.5
  },
  {
    "time": "2005-10",
    "percent": 3.75
  },
  {
    "time": "2005-11",
    "percent": 4.0
  },
  {
    "time": "2005-12",
    "percent": 4.5
  },
  {
    "time": "2006-01",
    "percent": 4.5
  },
  {
    "time": "2006-02",
    "percent": 4.75
  },
  {
    "time": "2006-03",
    "percent": 4.75
  },
  {
    "time": "2006-04",
    "percent": 5.0
  },
  {
    "time": "2006-05",
    "percent": 5.25
  },
  {
    "time": "2006-06",
    "percent": 5.25
  },
  {
    "time": "2006-07",
    "percent": 5.25
  },
  {
    "time": "2006-08",
    "percent": 5.5
  },
  {
    "time": "2006-09",
    "percent": 5.5
  },
  {
    "time": "2006-10",
    "percent": 5.5
  },
  {
    "time": "2006-11",
    "percent": 5.25
  },
  {
    "time": "2006-12",
    "percent": 5.0
  },
  {
    "time": "2007-01",
    "percent": 4.5
  },
  {
    "time": "2007-02",
    "percent": 4.25
  },
  {
    "time": "2007-03",
    "percent": 4.0
  },
  {
    "time": "2007-04",
    "percent": 4.0
  },
  {
    "time": "2007-05",
    "percent": 3.75
  },
  {
    "time": "2007-06",
    "percent": 3.5
  },
  {
    "time": "2007-07",
    "percent": 3.5
  },
  {
    "time": "2007-08",
    "percent": 3.75
  },
  {
    "time": "2007-09",
    "percent": 4.0
  },
  {
    "time": "2007-10",
    "percent": 4.0
  },
  {
    "time": "2007-11",
    "percent": 4.0
  },
  {
    "time": "2007-12",
    "percent": 4.0
  },
  {
    "time": "2008-01",
    "percent": 4.25
  },
  {
    "time": "2008-02",
    "percent": 4.25
  },
  {
    "time": "2008-03",
    "percent": 3.75
  },
  {
    "time": "2008-04",
    "percent": 3.25
  },
  {
    "time": "2008-05",
    "percent": 3.25
  },
  {
    "time": "2008-06",
    "percent": 3.5
  },
  {
    "time": "2008-07",
    "percent": 3.75
  },
  {
    "time": "2008-08",
    "percent": 4.0
  },
  {
    "time": "2008-09",
    "percent": 4.25
  },
  {
    "time": "2008-10",
    "percent": 3.75
  },
  {
    "time": "2008-11",
    "percent": 3.0
  },
  {
    "time": "2008-12",
    "percent": 2.5
  },
  {
    "time": "2009-01",
    "percent": 1.75
  },
  {
    "time": "2009-02",
    "percent": 1.0
  },
  {
    "time": "2009-03",
    "percent": 0.75
  },
  {
    "time": "2009-04",
    "percent": 0.5
  },
  {
    "time": "2009-05",
    "percent": 0.5
  },
  {
    "time": "2009-06",
    "percent": 0.5
  },
  {
    "time": "2009-07",
    "percent": 0.5
  },
  {
    "time": "2009-08",
    "percent": 0.5
  },
  {
    "time": "2009-09",
    "percent": 0.75
  },
  {
    "time": "2009-10",
    "percent": 0.75
  },
  {
    "time": "2009-11",
    "percent": 0.75
  },
  {
    "time": "2009-12",
    "percent": 1.0
  },
  {
    "time": "2010-01",
    "percent": 1.25
  },
  {
    "time": "2010-02",
    "percent": 1.25
  },
  {
    "time": "2010-03",
    "percent": 1.25
  },
  {
    "time": "2010-04",
    "percent": 1.5
  },
  {
    "time": "2010-05",
    "percent": 1.5
  },
  {
    "time": "2010-06",
    "percent": 1.5
  },
  {
    "time": "2010-07",
    "percent": 1.5
  },
  {
    "time": "2010-08",
    "percent": 1.75
  },
  {
    "time": "2010-09",
    "percent": 1.75
  },
  {
    "time": "2010-10",
    "percent": 2.0
  },
  {
    "time": "2010-11",
    "percent": 2.0
  },
  {
    "time": "2010-12",
    "percent": 2.0
  },
  {
    "time": "2011-01",
    "percent": 2.0
  },
  {
    "time": "2011-02",
    "percent": 2.25
  },
  {
    "time": "2011-03",
    "percent": 2.5
  },
  {
    "time": "2011-04",
    "percent": 3.0
  },
  {
    "time": "2011-05",
    "percent": 3.0
  },
  {
    "time": "2011-06",
    "percent": 3.25
  },
  {
    "time": "2011-07",
    "percent": 3.25
  },
  {
    "time": "2011-08",
    "percent": 3.25
  },
  {
    "time": "2011-09",
    "percent": 3.25
  },
  {
    "time": "2011-10",
    "percent": 3.0
  },
  {
    "time": "2011-11",
    "percent": 3.0
  },
  {
    "time": "2011-12",
    "percent": 2.75
  },
  {
    "time": "2012-01",
    "percent": 2.75
  },
  {
    "time": "2012-02",
    "percent": 2.5
  },
  {
    "time": "2012-03",
    "percent": 2.5
  },
  {
    "time": "2012-04",
    "percent": 2.5
  },
  {
    "time": "2012-05",
    "percent": 2.5
  },
  {
    "time": "2012-06",
    "percent": 2.5
  },
  {
    "time": "2012-07",
    "percent": 2.25
  },
  {
    "time": "2012-08",
    "percent": 2.25
  },
  {
    "time": "2012-09",
    "percent": 2.25
  },
  {
    "time": "2012-10",
    "percent": 2.25
  },
  {
    "time": "2012-11",
    "percent": 2.0
  },
  {
    "time": "2012-12",
    "percent": 2.0
  },
  {
    "time": "2013-01",
    "percent": 1.75
  },
  {
    "time": "2013-02",
    "percent": 1.75
  },
  {
    "time": "2013-03",
    "percent": 1.75
  },
  {
    "time": "2013-04",
    "percent": 1.75
  },
  {
    "time": "2013-05",
    "percent": 1.75
  },
  {
    "time": "2013-06",
    "percent": 1.25
  },
  {
    "time": "2013-07",
    "percent": 1.25
  },
  {
    "time": "2013-08",
    "percent": 1.25
  },
  {
    "time": "2013-09",
    "percent": 1.25
  },
  {
    "time": "2013-10",
    "percent": 1.0
  },
  {
    "time": "2013-11",
    "percent": 1.0
  },
  {
    "time": "2013-12",
    "percent": 1.0
  },
  {
    "time": "2014-01",
    "percent": 1.0
  },
  {
    "time": "2014-02",
    "percent": 1.0
  },
  {
    "time": "2014-03",
    "percent": 0.75
  },
  {
    "time": "2014-04",
    "percent": 0.75
  },
  {
    "time": "2014-05",
    "percent": 0.75
  },
  {
    "time": "2014-06",
    "percent": 0.75
  },
  {
    "time": "2014-07",
    "percent": 0.75
  },
  {
    "time": "2014-08",
    "percent": 0.5
  },
  {
    "time": "2014-09",
    "percent": 0.25
  },
  {
    "time": "2014-10",
    "percent": 0.25
  },
  {
    "time": "2014-11",
    "percent": 0.25
  },
  {
    "time": "2014-12",
    "percent": 0.25
  },
  {
    "time": "2015-01",
    "percent": 0.25
  },
  {
    "time": "2015-02",
    "percent": 0.25
  },
  {
    "time": "2015-03",
    "percent": 0.1
  },
  {
    "time": "2015-04",
    "percent": 0.1
  },
  {
    "time": "2015-05",
    "percent": 0.1
  },
  {
    "time": "2015-06",
    "percent": 0.1
  },
  {
    "time": "2015-07",
    "percent": 0.1
  },
  {
    "time": "2015-08",
    "percent": 0.1
  },
  {
    "time": "2015-09",
    "percent": 0.1
  },
  {
    "time": "2015-10",
    "percent": 0.1
  },
  {
    "time": "2015-11",
    "percent": 0.1
  },
  {
    "time": "2015-12",
    "percent": 0.1
  },
  {
    "time": "2016-01",
    "percent": 0.1
  },
  {
    "time": "2016-02",
    "percent": 0.1
  },
  {
    "time": "2016-03",
    "percent": 0.1
  },
  {
    "time": "2016-04",
    "percent": 0.1
  },
  {
    "time": "2016-05",
    "percent": 0.1
  },
  {
    "time": "2016-06",
    "percent": 0.1
  },
  {
    "time": "2016-07",
    "percent": 0.1
  },
  {
    "time": "2016-08",
    "percent": 0.1
  },
  {
    "time": "2016-09",
    "percent": 0.1
  },
  {
    "time": "2016-10",
    "percent": 0.1
  },
  {
    "time": "2016-11",
    "percent": 0.1
  },
  {
    "time": "2016-12",
    "percent": 0.1
  },
  {
    "time": "2017-01",
    "percent": 0.1
  },
  {
    "time": "2017-02",
    "percent": 0.1
  },
  {
    "time": "2017-03",
    "percent": 0.1
  },
  {
    "time": "2017-04",
    "percent": 0.1
  },
  {
    "time": "2017-05",
    "percent": 0.1
  },
  {
    "time": "2017-06",
    "percent": 0.1
  },
  {
    "time": "2017-07",
    "percent": 0.1
  },
  {
    "time": "2017-08",
    "percent": 0.1
  },
  {
    "time": "2017-09",
    "percent": 0.1
  },
  {
    "time": "2017-10",
    "percent": 0.1
  },
  {
    "time": "2017-11",
    "percent": 0.1
  },
  {
    "time": "2017-12",
    "percent": 0.1
  },
  {
    "time": "2018-01",
    "percent": 0.1
  },
  {
    "time": "2018-02",
    "percent": 0.1
  },
  {
    "time": "2018-03",
    "percent": 0.1
  },
  {
    "time": "2018-04",
    "percent": 0.1
  },
  {
    "time": "2018-05",
    "percent": 0.1
  },
  {
    "time": "2018-06",
    "percent": 0.1
  },
  {
    "time": "2018-07",
    "percent": 0.1
  },
  {
    "time": "2018-08",
    "percent": 0.1
  },
  {
    "time": "2018-09",
    "percent": 0.1
  },
  {
    "time": "2018-10",
    "percent": 0.1
  },
  {
    "time": "2018-11",
    "percent": 0.1
  },
  {
    "time": "2018-12",
    "percent": 0.25
  },
  {
    "time": "2019-01",
    "percent": 0.25
  },
  {
    "time": "2019-02",
    "percent": 0.25
  },
  {
    "time": "2019-03",
    "percent": 0.25
  },
  {
    "time": "2019-04",
    "percent": 0.25
  },
  {
    "time": "2019-05",
    "percent": 0.25
  },
  {
    "time": "2019-06",
    "percent": 0.25
  },
  {
    "time": "2019-07",
    "percent": 0.25
  },
  {
    "time": "2019-08",
    "percent": 0.25
  },
  {
    "time": "2019-09",
    "percent": 0.25
  },
  {
    "time": "2019-10",
    "percent": 0.25
  },
  {
    "time": "2019-11",
    "percent": 0.25
  },
  {
    "time": "2019-12",
    "percent": 0.25
  },
  {
    "time": "2020-01",
    "percent": 0.25
  },
  {
    "time": "2020-02",
    "percent": 0.25
  },
  {
    "time": "2020-03",
    "percent": 0.25
  },
  {
    "time": "2020-04",
    "percent": 0.1
  },
  {
    "time": "2020-05",
    "percent": 0.1
  },
  {
    "time": "2020-06",
    "percent": 0.1
  },
  {
    "time": "2020-07",
    "percent": 0.1
  },
  {
    "time": "2020-08",
    "percent": 0.1
  },
  {
    "time": "2020-09",
    "percent": 0.1
  },
  {
    "time": "2020-10",
    "percent": 0.1
  },
  {
    "time": "2020-11",
    "percent": 0.1
  },
  {
    "time": "2020-12",
    "percent": 0.1
  },
  {
    "time": "2021-01",
    "percent": 0.1
  },
  {
    "time": "2021-02",
    "percent": 0.1
  },
  {
    "time": "2021-03",
    "percent": 0.1
  },
  {
    "time": "2021-04",
    "percent": 0.1
  },
  {
    "time": "2021-05",
    "percent": 0.1
  },
  {
    "time": "2021-06",
    "percent": 0.1
  },
  {
    "time": "2021-07",
    "percent": 0.1
  },
  {
    "time": "2021-08",
    "percent": 0.1
  },
  {
    "time": "2021-09",
    "percent": 0.1
  },
  {
    "time": "2021-10",
    "percent": 0.1
  },
  {
    "time": "2021-11",
    "percent": 0.1
  },
  {
    "time": "2021-12",
    "percent": 0.1
  },
  {
    "time": "2022-01",
    "percent": 0.1
  },
  {
    "time": "2022-02",
    "percent": 0.1
  },
  {
    "time": "2022-03",
    "percent": 0.1
  },
  {
    "time": "2022-04",
    "percent": 0.35
  },
  {
    "time": "2022-05",
    "percent": 0.35
  },
  {
    "time": "2022-06",
    "percent": 0.75
  },
  {
    "time": "2022-07",
    "percent": 1.25
  },
  {
    "time": "2022-08",
    "percent": 1.25
  },
  {
    "time": "2022-09",
    "percent": 2.0
  },
  {
    "time": "2022-10",
    "percent": 2.75
  },
  {
    "time": "2022-11",
    "percent": 2.75
  },
  {
    "time": "2022-12",
    "percent": 3.25
  },
  {
    "time": "2023-01",
    "percent": 3.75
  },
  {
    "time": "2023-02",
    "percent": 3.75
  },
  {
    "time": "2023-03",
    "percent": 4.25
  },
  {
    "time": "2023-04",
    "percent": 4.5
  },
  {
    "time": "2023-05",
    "percent": 4.5
  },
  {
    "time": "2023-06",
    "percent": 4.75
  },
  {
    "time": "2023-07",
    "percent": 4.75
  },
  {
    "time": "2023-08",
    "percent": 4.75
  },
  {
    "time": "2023-09",
    "percent": 4.75
  },
  {
    "time": "2023-10",
    "percent": 4.75
  },
  {
    "time": "2023-11",
    "percent": 4.75
  },
  {
    "time": "2023-12",
    "percent": 4.75
  }
]